{"cameraMode":{"drawMode":0,"name":"Shaded","section":"Shading Mode"},"sceneLighting":false,"audioPlay":false,"sceneViewState":{"m_AlwaysRefresh":false,"showFog":false,"showSkybox":false,"showFlares":false,"showImageEffects":false,"showParticleSystems":false,"showVisualEffectGraphs":false,"m_FxEnabled":true},"in2DMode":false,"pivot":{"x":322.8201904296875,"y":374.30255126953127,"z":664.517333984375},"rotation":{"x":0.0011903262929990888,"y":0.008097423240542412,"z":0.000009875492651190143,"w":-0.9999677538871765},"size":868.017822265625,"orthographic":false}